"CVE"	"CVETitle"	"CVELevel"	"Product"	"ProductURL"
"CVE-2022-21972"	"Point-to-Point Tunneling Protocol Remote Code Execution Vulnerability"	"Critical"	"Windows Server 2019  (Server Core installation)"	"https://support.microsoft.com/help/5014018"
"CVE-2022-23270"	"Point-to-Point Tunneling Protocol Remote Code Execution Vulnerability"	"Critical"	"Windows Server 2019  (Server Core installation)"	"https://support.microsoft.com/help/5014018"
"CVE-2022-24466"	"Windows Hyper-V Security Feature Bypass Vulnerability"	"Important"	"Windows Server 2019  (Server Core installation)"	"https://support.microsoft.com/help/5013952"
"CVE-2022-26913"	"Windows Authentication Security Feature Bypass Vulnerability"	"Important"	"Windows Server 2019  (Server Core installation)"	"https://support.microsoft.com/help/5013941"
"CVE-2022-26925"	"Windows LSA Spoofing Vulnerability"	"Important"	"Windows Server 2019  (Server Core installation)"	"https://support.microsoft.com/help/5014018"
"CVE-2022-26926"	"Windows Address Book Remote Code Execution Vulnerability"	"Important"	"Windows Server 2019  (Server Core installation)"	"https://support.microsoft.com/help/5014018"
"CVE-2022-26927"	"Windows Graphics Component Remote Code Execution Vulnerability"	"Important"	"Windows Server 2019  (Server Core installation)"	"https://support.microsoft.com/help/5013941"
"CVE-2022-26930"	"Windows Remote Access Connection Manager Information Disclosure Vulnerability"	"Important"	"Windows Server 2019  (Server Core installation)"	"https://support.microsoft.com/help/5014018"
"CVE-2022-26931"	"Windows Kerberos Elevation of Privilege Vulnerability"	"Critical"	"Windows Server 2019  (Server Core installation)"	"https://support.microsoft.com/help/5014018"
"CVE-2022-26932"	"Storage Spaces Direct Elevation of Privilege Vulnerability"	"Important"	"Windows Server 2019  (Server Core installation)"	"https://support.microsoft.com/help/5013952"
"CVE-2022-26933"	"Windows NTFS Information Disclosure Vulnerability"	"Important"	"Windows Server 2019  (Server Core installation)"	"https://support.microsoft.com/help/5014018"
"CVE-2022-26934"	"Windows Graphics Component Information Disclosure Vulnerability"	"Important"	"Windows Server 2019  (Server Core installation)"	"https://support.microsoft.com/help/5014018"
"CVE-2022-26935"	"Windows WLAN AutoConfig Service Information Disclosure Vulnerability"	"Important"	"Windows Server 2019  (Server Core installation)"	"https://support.microsoft.com/help/5014018"
"CVE-2022-26936"	"Windows Server Service Information Disclosure Vulnerability"	"Important"	"Windows Server 2019  (Server Core installation)"	"https://support.microsoft.com/help/5014018"
"CVE-2022-26937"	"Windows Network File System Remote Code Execution Vulnerability"	"Critical"	"Windows Server 2019  (Server Core installation)"	"https://support.microsoft.com/help/5014001"
"CVE-2022-26938"	"Storage Spaces Direct Elevation of Privilege Vulnerability"	"Important"	"Windows Server 2019  (Server Core installation)"	"https://support.microsoft.com/help/5013952"
"CVE-2022-26939"	"Storage Spaces Direct Elevation of Privilege Vulnerability"	"Important"	"Windows Server 2019  (Server Core installation)"	"https://support.microsoft.com/help/5013952"
"CVE-2022-22011"	"Windows Graphics Component Information Disclosure Vulnerability"	"Important"	"Windows Server 2019  (Server Core installation)"	"https://support.microsoft.com/help/5014018"
"CVE-2022-22012"	"Windows LDAP Remote Code Execution Vulnerability"	"Important"	"Windows Server 2019  (Server Core installation)"	"https://support.microsoft.com/help/5014018"
"CVE-2022-22013"	"Windows LDAP Remote Code Execution Vulnerability"	"Important"	"Windows Server 2019  (Server Core installation)"	"https://support.microsoft.com/help/5014018"
"CVE-2022-22014"	"Windows LDAP Remote Code Execution Vulnerability"	"Important"	"Windows Server 2019  (Server Core installation)"	"https://support.microsoft.com/help/5014018"
"CVE-2022-22015"	"Windows Remote Desktop Protocol (RDP) Information Disclosure Vulnerability"	"Important"	"Windows Server 2019  (Server Core installation)"	"https://support.microsoft.com/help/5014018"
"CVE-2022-22016"	"Windows PlayToManager Elevation of Privilege Vulnerability"	"Important"	"Windows Server 2019  (Server Core installation)"	"https://support.microsoft.com/help/5013952"
"CVE-2022-29102"	"Windows Failover Cluster Information Disclosure Vulnerability"	"Important"	"Windows Server 2019  (Server Core installation)"	"https://support.microsoft.com/help/5014001"
"CVE-2022-29103"	"Windows Remote Access Connection Manager Elevation of Privilege Vulnerability"	"Important"	"Windows Server 2019  (Server Core installation)"	"https://support.microsoft.com/help/5014018"
"CVE-2022-29104"	"Windows Print Spooler Elevation of Privilege Vulnerability"	"Important"	"Windows Server 2019  (Server Core installation)"	"https://support.microsoft.com/help/5014018"
"CVE-2022-29105"	"Microsoft Windows Media Foundation Remote Code Execution Vulnerability"	"Important"	"Windows Server 2019  (Server Core installation)"	"https://support.microsoft.com/help/5014018"
"CVE-2022-29106"	"Windows Hyper-V Shared Virtual Disk Elevation of Privilege Vulnerability"	"Important"	"Windows Server 2019  (Server Core installation)"	"https://support.microsoft.com/help/5013952"
"CVE-2022-29112"	"Windows Graphics Component Information Disclosure Vulnerability"	"Important"	"Windows Server 2019  (Server Core installation)"	"https://support.microsoft.com/help/5014018"
"CVE-2022-29113"	"Windows Digital Media Receiver Elevation of Privilege Vulnerability"	"Important"	"Windows Server 2019  (Server Core installation)"	"https://support.microsoft.com/help/5013941"
"CVE-2022-29114"	"Windows Print Spooler Information Disclosure Vulnerability"	"Important"	"Windows Server 2019  (Server Core installation)"	"https://support.microsoft.com/help/5014018"
"CVE-2022-29115"	"Windows Fax Service Remote Code Execution Vulnerability"	"Important"	"Windows Server 2019  (Server Core installation)"	"https://support.microsoft.com/help/5014018"
"CVE-2022-29125"	"Windows Push Notifications Apps Elevation of Privilege Vulnerability"	"Important"	"Windows Server 2019  (Server Core installation)"	"https://support.microsoft.com/help/5014018"
"CVE-2022-29126"	"Tablet Windows User Interface Application Core Elevation of Privilege Vulnerability"	"Important"	"Windows Server 2019  (Server Core installation)"	"https://support.microsoft.com/help/5014018"
"CVE-2022-29127"	"BitLocker Security Feature Bypass Vulnerability"	"Important"	"Windows Server 2019  (Server Core installation)"	"https://support.microsoft.com/help/5014018"
"CVE-2022-29128"	"Windows LDAP Remote Code Execution Vulnerability"	"Important"	"Windows Server 2019  (Server Core installation)"	"https://support.microsoft.com/help/5014018"
"CVE-2022-29129"	"Windows LDAP Remote Code Execution Vulnerability"	"Important"	"Windows Server 2019  (Server Core installation)"	"https://support.microsoft.com/help/5014018"
"CVE-2022-29130"	"Windows LDAP Remote Code Execution Vulnerability"	"Important"	"Windows Server 2019  (Server Core installation)"	"https://support.microsoft.com/help/5014018"
"CVE-2022-29131"	"Windows LDAP Remote Code Execution Vulnerability"	"Important"	"Windows Server 2019  (Server Core installation)"	"https://support.microsoft.com/help/5013941"
"CVE-2022-29132"	"Windows Print Spooler Elevation of Privilege Vulnerability"	"Important"	"Windows Server 2019  (Server Core installation)"	"https://support.microsoft.com/help/5014018"
"CVE-2022-29134"	"Windows Clustered Shared Volume Information Disclosure Vulnerability"	"Important"	"Windows Server 2019  (Server Core installation)"	"https://support.microsoft.com/help/5014001"
"CVE-2022-29135"	"Windows Cluster Shared Volume (CSV) Elevation of Privilege Vulnerability"	"Important"	"Windows Server 2019  (Server Core installation)"	"https://support.microsoft.com/help/5014001"
"CVE-2022-29137"	"Windows LDAP Remote Code Execution Vulnerability"	"Important"	"Windows Server 2019  (Server Core installation)"	"https://support.microsoft.com/help/5014018"
"CVE-2022-29138"	"Windows Clustered Shared Volume Elevation of Privilege Vulnerability"	"Important"	"Windows Server 2019  (Server Core installation)"	"https://support.microsoft.com/help/5014001"
"CVE-2022-29139"	"Windows LDAP Remote Code Execution Vulnerability"	"Important"	"Windows Server 2019  (Server Core installation)"	"https://support.microsoft.com/help/5014018"
"CVE-2022-29140"	"Windows Print Spooler Information Disclosure Vulnerability"	"Important"	"Windows Server 2019  (Server Core installation)"	"https://support.microsoft.com/help/5013952"
"CVE-2022-29141"	"Windows LDAP Remote Code Execution Vulnerability"	"Important"	"Windows Server 2019  (Server Core installation)"	"https://support.microsoft.com/help/5014018"
"CVE-2022-29142"	"Windows Kernel Elevation of Privilege Vulnerability"	"Important"	"Windows Server 2019  (Server Core installation)"	"https://support.microsoft.com/help/5013941"
"CVE-2022-22019"	"Remote Procedure Call Runtime Remote Code Execution Vulnerability"	"Important"	"Windows Server 2019  (Server Core installation)"	"https://support.microsoft.com/help/5014018"
"CVE-2022-26923"	"Active Directory Domain Services Elevation of Privilege Vulnerability"	"Critical"	"Windows Server 2019  (Server Core installation)"	"https://support.microsoft.com/help/5014001"
"CVE-2022-29120"	"Windows Clustered Shared Volume Information Disclosure Vulnerability"	"Important"	"Windows Server 2019  (Server Core installation)"	"https://support.microsoft.com/help/5014001"
"CVE-2022-29121"	"Windows WLAN AutoConfig Service Denial of Service Vulnerability"	"Important"	"Windows Server 2019  (Server Core installation)"	"https://support.microsoft.com/help/5014018"
"CVE-2022-29122"	"Windows Clustered Shared Volume Information Disclosure Vulnerability"	"Important"	"Windows Server 2019  (Server Core installation)"	"https://support.microsoft.com/help/5014001"
"CVE-2022-29123"	"Windows Clustered Shared Volume Information Disclosure Vulnerability"	"Important"	"Windows Server 2019  (Server Core installation)"	"https://support.microsoft.com/help/5014001"
"CVE-2022-29150"	"Windows Cluster Shared Volume (CSV) Elevation of Privilege Vulnerability"	"Important"	"Windows Server 2019  (Server Core installation)"	"https://support.microsoft.com/help/5014001"
"CVE-2022-29151"	"Windows Cluster Shared Volume (CSV) Elevation of Privilege Vulnerability"	"Important"	"Windows Server 2019  (Server Core installation)"	"https://support.microsoft.com/help/5014001"
"CVE-2022-30138"	"Windows Print Spooler Elevation of Privilege Vulnerability"	"Important"	"Windows Server 2019  (Server Core installation)"	"https://support.microsoft.com/help/5014018"
